{"cameraMode":{"drawMode":0,"name":"Shaded","section":"Shading Mode"},"sceneLighting":true,"audioPlay":false,"sceneViewState":{"showFog":true,"showMaterialUpdate":false,"showSkybox":true,"showFlares":true,"showImageEffects":true,"showParticleSystems":true},"in2DMode":false,"pivot":{"x":-0.23458290100097657,"y":-7.265220642089844,"z":14.457767486572266},"rotation":{"x":-0.30077001452445986,"y":0.6631579995155335,"z":-0.3330041766166687,"w":-0.5991533398628235},"size":46.903751373291019,"orthographic":false}