{"cameraMode":{"drawMode":0,"name":"Shaded","section":"Shading Mode"},"sceneLighting":true,"audioPlay":false,"sceneViewState":{"showFog":true,"showMaterialUpdate":false,"showSkybox":true,"showFlares":true,"showImageEffects":true,"showParticleSystems":true},"in2DMode":false,"pivot":{"x":-3.3691320419311525,"y":5.515380382537842,"z":13.747271537780762},"rotation":{"x":-0.4153987169265747,"y":0.1388012319803238,"z":-0.06436029821634293,"w":-0.8967467546463013},"size":13.679750442504883,"orthographic":false}