{"cameraMode":{"drawMode":0,"name":"Shaded","section":"Shading Mode"},"sceneLighting":true,"audioPlay":false,"sceneViewState":{"showFog":true,"showMaterialUpdate":false,"showSkybox":true,"showFlares":true,"showImageEffects":true,"showParticleSystems":true},"in2DMode":false,"pivot":{"x":-3.6432571411132814,"y":1.217734694480896,"z":9.491119384765625},"rotation":{"x":-0.3358404338359833,"y":-0.3934020400047302,"z":0.15704315900802613,"w":-0.8413008451461792},"size":39.709495544433597,"orthographic":false}