{"cameraMode":{"drawMode":0,"name":"Shaded","section":"Shading Mode"},"sceneLighting":true,"audioPlay":false,"sceneViewState":{"showFog":true,"showMaterialUpdate":false,"showSkybox":false,"showFlares":true,"showImageEffects":true,"showParticleSystems":true},"in2DMode":false,"pivot":{"x":9.455116271972657,"y":-1.152376651763916,"z":10.350042343139649},"rotation":{"x":0.32047581672668459,"y":-0.6662856340408325,"z":0.38806313276290896,"w":0.5502412915229797},"size":35.977577209472659,"orthographic":false}