{"cameraMode":{"drawMode":0,"name":"Shaded","section":"Shading Mode"},"sceneLighting":true,"audioPlay":false,"sceneViewState":{"showFog":true,"showMaterialUpdate":false,"showSkybox":false,"showFlares":true,"showImageEffects":true,"showParticleSystems":true},"in2DMode":false,"pivot":{"x":-3.748020648956299,"y":-0.6852529644966126,"z":-0.3674948811531067},"rotation":{"x":0.33083635568618777,"y":0.2505247890949249,"z":-0.09156118333339691,"w":0.9052109122276306},"size":42.792266845703128,"orthographic":true}