{"cameraMode":{"drawMode":0,"name":"Shaded","section":"Shading Mode"},"sceneLighting":true,"audioPlay":false,"sceneViewState":{"showFog":true,"showMaterialUpdate":false,"showSkybox":false,"showFlares":true,"showImageEffects":true,"showParticleSystems":true},"in2DMode":false,"pivot":{"x":0.021824359893798829,"y":10.492992401123047,"z":-7.5197906494140629},"rotation":{"x":0.4616270959377289,"y":0.07091817259788513,"z":-0.03705653175711632,"w":0.8834637999534607},"size":57.5771484375,"orthographic":false}