{"cameraMode":{"drawMode":0,"name":"Shaded","section":"Shading Mode"},"sceneLighting":true,"audioPlay":false,"sceneViewState":{"showFog":true,"showMaterialUpdate":false,"showSkybox":true,"showFlares":true,"showImageEffects":true,"showParticleSystems":true},"in2DMode":false,"pivot":{"x":0.3842434883117676,"y":-2.129544258117676,"z":-0.05475902557373047},"rotation":{"x":-0.0815059021115303,"y":0.9110502600669861,"z":-0.3401263952255249,"w":-0.2183188498020172},"size":16.84181785583496,"orthographic":false}