{"cameraMode":{"drawMode":0,"name":"Shaded","section":"Shading Mode"},"sceneLighting":true,"audioPlay":false,"sceneViewState":{"showFog":true,"showMaterialUpdate":false,"showSkybox":true,"showFlares":true,"showImageEffects":true,"showParticleSystems":true},"in2DMode":false,"pivot":{"x":-1.7822704315185547,"y":-3.4239444732666017,"z":-0.2624197006225586},"rotation":{"x":0.2799645662307739,"y":0.5823447704315186,"z":-0.22340117394924165,"w":0.7297923564910889},"size":16.018978118896486,"orthographic":false}