{"cameraMode":{"drawMode":0,"name":"Shaded","section":"Shading Mode"},"sceneLighting":true,"audioPlay":false,"sceneViewState":{"showFog":true,"showMaterialUpdate":false,"showSkybox":false,"showFlares":true,"showImageEffects":true,"showParticleSystems":true},"in2DMode":false,"pivot":{"x":-2.2648766040802,"y":6.521725654602051,"z":7.438323497772217},"rotation":{"x":0.21780216693878175,"y":-0.7350277304649353,"z":0.2761607766151428,"w":0.5796964168548584},"size":32.42411804199219,"orthographic":false}