{"cameraMode":{"drawMode":0,"name":"Shaded","section":"Shading Mode"},"sceneLighting":true,"audioPlay":false,"sceneViewState":{"showFog":true,"showMaterialUpdate":false,"showSkybox":false,"showFlares":true,"showImageEffects":true,"showParticleSystems":true},"in2DMode":false,"pivot":{"x":-18.669384002685548,"y":2.2887935638427736,"z":8.415718078613282},"rotation":{"x":0.2135593295097351,"y":-0.687800407409668,"z":0.22366167604923249,"w":0.6567331552505493},"size":26.231740951538087,"orthographic":false}