{"cameraMode":{"drawMode":0,"name":"Shaded","section":"Shading Mode"},"sceneLighting":true,"audioPlay":false,"sceneViewState":{"showFog":true,"showMaterialUpdate":false,"showSkybox":false,"showFlares":true,"showImageEffects":true,"showParticleSystems":true},"in2DMode":false,"pivot":{"x":-8.149999618530274,"y":1.5338948965072632,"z":30.5},"rotation":{"x":0.42988425493240359,"y":0.18985101580619813,"z":-0.09297642111778259,"w":0.8777974247932434},"size":27.921722412109376,"orthographic":true}