{"cameraMode":{"drawMode":0,"name":"Shaded","section":"Shading Mode"},"sceneLighting":false,"audioPlay":false,"sceneViewState":{"showFog":true,"showMaterialUpdate":false,"showSkybox":false,"showFlares":true,"showImageEffects":true,"showParticleSystems":true},"in2DMode":false,"pivot":{"x":-16.649999618530275,"y":0.0,"z":-17.399999618530275},"rotation":{"x":0.011269215494394303,"y":0.9084312319755554,"z":-0.4171757698059082,"w":0.024531355127692224},"size":8.573651313781739,"orthographic":false}