{"cameraMode":{"drawMode":0,"name":"Shaded","section":"Shading Mode"},"sceneLighting":true,"audioPlay":false,"sceneViewState":{"showFog":true,"showMaterialUpdate":false,"showSkybox":false,"showFlares":true,"showImageEffects":true,"showParticleSystems":true},"in2DMode":false,"pivot":{"x":1.920951247215271,"y":10.491324424743653,"z":30.89345932006836},"rotation":{"x":0.037609390914440158,"y":-0.9581254124641419,"z":0.1492195874452591,"w":0.2414863556623459},"size":11.80519962310791,"orthographic":true}