{"cameraMode":{"drawMode":0,"name":"Shaded","section":"Shading Mode"},"sceneLighting":true,"audioPlay":false,"sceneViewState":{"showFog":true,"showMaterialUpdate":false,"showSkybox":false,"showFlares":true,"showImageEffects":true,"showParticleSystems":true},"in2DMode":false,"pivot":{"x":-6.380248069763184,"y":-0.309906005859375,"z":2.352423906326294},"rotation":{"x":-0.37035658955574038,"y":-0.5726490616798401,"z":0.32324904203414919,"w":-0.6560875177383423},"size":24.13297462463379,"orthographic":false}