{"cameraMode":{"drawMode":0,"name":"Shaded","section":"Shading Mode"},"sceneLighting":true,"audioPlay":false,"sceneViewState":{"showFog":true,"showMaterialUpdate":false,"showSkybox":false,"showFlares":true,"showImageEffects":true,"showParticleSystems":true},"in2DMode":false,"pivot":{"x":5.110525131225586,"y":0.161712646484375,"z":43.7524299621582},"rotation":{"x":0.41119155287742617,"y":-0.2980356216430664,"z":0.14429785311222077,"w":0.8492818474769592},"size":51.79637145996094,"orthographic":false}