{"cameraMode":{"drawMode":0,"name":"Shaded","section":"Shading Mode"},"sceneLighting":true,"audioPlay":false,"sceneViewState":{"showFog":true,"showMaterialUpdate":false,"showSkybox":false,"showFlares":true,"showImageEffects":true,"showParticleSystems":true},"in2DMode":false,"pivot":{"x":13.216379165649414,"y":4.458937644958496,"z":24.89297866821289},"rotation":{"x":0.42988425493240359,"y":0.18985101580619813,"z":-0.09297642111778259,"w":0.8777974247932434},"size":25.3184871673584,"orthographic":true}