{"cameraMode":{"drawMode":0,"name":"Shaded","section":"Shading Mode"},"sceneLighting":true,"audioPlay":false,"sceneViewState":{"showFog":true,"showMaterialUpdate":false,"showSkybox":false,"showFlares":true,"showImageEffects":true,"showParticleSystems":true},"in2DMode":false,"pivot":{"x":9.515796661376954,"y":3.436108112335205,"z":-0.5702791213989258},"rotation":{"x":0.06334415078163147,"y":0.9301721453666687,"z":-0.306185781955719,"w":0.19243124127388},"size":76.0427474975586,"orthographic":false}