{"cameraMode":{"drawMode":0,"name":"Shaded","section":"Shading Mode"},"sceneLighting":true,"audioPlay":false,"sceneViewState":{"showFog":true,"showMaterialUpdate":false,"showSkybox":false,"showFlares":true,"showImageEffects":true,"showParticleSystems":true},"in2DMode":false,"pivot":{"x":0.655116081237793,"y":-0.7323766946792603,"z":17.750041961669923},"rotation":{"x":0.025909144431352617,"y":0.7112844586372376,"z":-0.026260623708367349,"w":0.7019510865211487},"size":16.86164093017578,"orthographic":true}