{"cameraMode":{"drawMode":0,"name":"Shaded","section":"Shading Mode"},"sceneLighting":true,"audioPlay":false,"sceneViewState":{"showFog":true,"showMaterialUpdate":false,"showSkybox":false,"showFlares":true,"showImageEffects":true,"showParticleSystems":true},"in2DMode":false,"pivot":{"x":-3.783292770385742,"y":14.165237426757813,"z":-8.960746765136719},"rotation":{"x":-0.3553597331047058,"y":-0.6029564142227173,"z":0.34155428409576418,"w":-0.627324640750885},"size":56.23956298828125,"orthographic":false}