{"cameraMode":{"drawMode":0,"name":"Shaded","section":"Shading Mode"},"sceneLighting":false,"audioPlay":false,"sceneViewState":{"showFog":true,"showMaterialUpdate":false,"showSkybox":false,"showFlares":true,"showImageEffects":true,"showParticleSystems":true},"in2DMode":false,"pivot":{"x":-0.07357549667358399,"y":3.8715085983276369,"z":-0.5057389736175537},"rotation":{"x":0.11393783986568451,"y":0.6078686714172363,"z":-0.08869878947734833,"w":0.7808073163032532},"size":67.4220962524414,"orthographic":true}